ns_count,mx_count,inactive_status,is_inactive,has_features,redirect_count,a_count,ocr_length,ocr_has_login_keywords,ocr_has_verify_keywords,doc_length,doc_form_count,doc_has_login_keywords,doc_has_verify_keywords,doc_has_password_keywords,doc_has_credential_keywords,url_length,domain_length,registrable_length,dot_count,dash_count,underscore_count,at_count,slash_count,question_count,equal_count,ampersand_count,digit_count,subdomain_depth,has_subdomain,subdomain_length,subdomain_has_digits,subdomain_has_hyphen,tld_length,is_high_risk_tld,is_trusted_tld,is_numeric_tld,path_length,path_depth,has_query,query_length,query_param_count,path_has_phishing_keyword,url_entropy,domain_entropy,is_idn,has_homograph,has_cse_keyword,has_typo_pattern,has_suspicious_hyphen,url_has_phishing_keyword,is_ip_address,has_custom_port,is_very_new,domain_age_days,days_until_expiry,is_newly_registered,form_count,js_keylogger,js_redirect_detected,js_eval_usage,num_hyphens,js_obfuscated_count,html_size,domain_hyphens,num_subdomains,forms_to_ip,trusted_issuer,path_has_fragment,mixed_script,js_risk_score,password_fields,domain_mismatch,external_scripts,iframe_count,path_has_query,is_self_signed,js_form_manipulation,uses_https,has_suspicious_forms,num_underscores,num_slashes,has_repeated_digits,forms_to_suspicious_tld,subdomain_entropy,external_stylesheets,has_credential_form,suspicious_form_count,forms_to_private_ip,email_fields,num_dots,js_obfuscated,js_encoding_count,avg_subdomain_length,external_links,js_eval_count,images_count,favicon_size,keyword_count
0.0,0.0,4.0,1.0,1,0,0.0,0,0,0,0,0,0,0,0,0,215,59,13,4,0,1,0,1,0,0,0,17,1,1,17,0,0,8,0,0,0,146,1,0,0,0,0,5.125957910627408,4.2241943810234615,0,0,0,0,0,0,0,1,0.0,0.0,0.0,0.0,0.0,0.0,0.0,0.0,0.0,0.0,0.0,0.0,0.0,0.0,0.0,0.0,0.0,0.0,0.0,0.0,0.0,0.0,0.0,0.0,0.0,0.0,0.0,0.0,0.0,0.0,0.0,0.0,0.0,0.0,0.0,0.0,0.0,0.0,0.0,0.0,0.0,0.0,0.0,0.0,0.0,0.0
0.0,0.0,4.0,1.0,1,0,2.0,0,0,0,0,0,0,0,0,0,574,81,24,19,0,1,0,3,0,0,1,85,3,1,55,0,0,8,0,0,0,473,3,0,0,0,0,5.250718540770977,4.099143682838836,0,0,0,1,0,0,0,1,0.0,3474.0,2003.0,0.0,0.0,0.0,0.0,0.0,0.0,0.0,0.0,0.0,0.0,0.0,0.0,0.0,0.0,0.0,0.0,0.0,0.0,0.0,0.0,0.0,0.0,0.0,0.0,0.0,0.0,0.0,0.0,0.0,0.0,0.0,0.0,0.0,0.0,0.0,0.0,0.0,0.0,0.0,0.0,0.0,0.0,0.0
0.0,0.0,4.0,1.0,1,0,2.0,0,0,0,0,0,0,0,0,0,518,61,14,18,0,1,0,1,0,0,1,81,3,1,45,0,0,7,0,0,0,437,1,0,0,0,0,5.2702151385870994,4.184092461431995,0,0,1,1,0,0,0,1,0.0,7549.0,120.0,0.0,0.0,0.0,0.0,0.0,0.0,0.0,0.0,0.0,0.0,0.0,0.0,0.0,0.0,0.0,0.0,0.0,0.0,0.0,0.0,0.0,0.0,0.0,0.0,0.0,0.0,0.0,0.0,0.0,0.0,0.0,0.0,0.0,0.0,0.0,0.0,0.0,0.0,0.0,0.0,0.0,0.0,0.0
0.0,0.0,4.0,1.0,1,0,1.0,0,0,0,0,0,0,0,0,0,391,63,15,13,0,1,0,1,0,0,1,38,5,1,51,0,0,11,0,0,0,310,1,0,0,0,0,5.1715524477557,4.122231964125024,0,0,1,1,0,0,0,1,0.0,7841.0,193.0,0.0,0.0,0.0,0.0,0.0,0.0,0.0,0.0,0.0,0.0,0.0,0.0,0.0,0.0,0.0,0.0,0.0,0.0,0.0,0.0,0.0,0.0,0.0,0.0,0.0,0.0,0.0,0.0,0.0,0.0,0.0,0.0,0.0,0.0,0.0,0.0,0.0,0.0,0.0,0.0,0.0,0.0,0.0
3.0,0.0,4.0,1.0,1,0,1.0,0,0,0,0,0,0,0,0,0,444,57,12,16,0,1,0,1,0,0,1,40,3,1,45,0,0,11,0,0,0,368,1,0,0,0,0,5.112741301144341,4.0603362871532065,0,0,1,0,0,0,0,1,0.0,3222.0,64.0,0.0,0.0,0.0,0.0,0.0,0.0,0.0,0.0,0.0,0.0,0.0,0.0,0.0,0.0,0.0,0.0,0.0,0.0,0.0,0.0,0.0,0.0,0.0,0.0,0.0,0.0,0.0,0.0,0.0,0.0,0.0,0.0,0.0,0.0,0.0,0.0,0.0,0.0,0.0,0.0,0.0,0.0,0.0
0.0,0.0,0.0,0.0,1,0,2.0,0,0,0,214,0,0,0,0,0,536,77,22,17,0,1,0,1,0,0,1,84,3,1,53,0,0,7,0,0,0,439,1,0,0,0,0,5.315374990178409,4.271683827152284,0,0,0,1,0,0,0,1,0.0,7549.0,485.0,0.0,0.0,0.0,0.0,0.0,0.0,0.0,298.0,0.0,1.0,0.0,0.0,0.0,0.0,0.0,0.0,0.0,0.0,0.0,0.0,0.0,0.0,1.0,0.0,0.0,3.0,0.0,0.0,0.0,0.0,0.0,0.0,0.0,0.0,2.0,0.0,0.0,3.0,0.0,0.0,0.0,0.0,0.0
0.0,0.0,0.0,0.0,1,226,0.0,0,0,0,18390,1,0,0,0,0,757,32,11,10,2,1,0,7,0,0,1,57,0,0,0,0,0,32,0,0,0,694,6,0,0,0,1,5.094317114792653,4.3246987351738495,1,1,0,1,0,1,0,1,0.0,0.0,0.0,0.0,1.0,1.0,1.0,0.0,0.0,0.0,428361.0,0.0,1.0,0.0,0.0,0.0,0.0,35.0,0.0,0.0,23.0,1.0,0.0,0.0,1.0,1.0,0.0,0.0,4.0,0.0,0.0,1.585,6.0,0.0,0.0,0.0,0.0,2.0,0.0,0.0,3.0,776.0,0.0,283.0,230649.0,0.0
0.0,0.0,0.0,0.0,1,79,1.0,0,0,0,3140,2,0,0,0,0,399,63,15,10,0,1,0,1,0,0,1,39,3,1,51,0,0,11,0,0,0,318,1,0,0,0,0,5.121796399308135,3.8883494024420586,0,0,0,0,0,0,0,1,0.0,7603.0,66.0,0.0,2.0,0.0,1.0,0.0,0.0,0.0,79559.0,0.0,1.0,0.0,0.0,0.0,0.0,0.0,0.0,0.0,14.0,0.0,0.0,0.0,0.0,1.0,0.0,0.0,3.0,0.0,0.0,2.75,11.0,0.0,0.0,0.0,0.0,2.0,0.0,0.0,8.0,87.0,0.0,81.0,9384.0,0.0
0.0,1.0,0.0,0.0,1,205,1.0,0,0,0,12960,0,0,1,0,0,409,55,11,12,0,1,0,1,0,0,1,40,3,1,43,0,0,11,0,0,0,335,1,0,0,0,0,5.161976645087295,4.114258177675368,0,0,0,0,0,0,0,1,0.0,7603.0,66.0,0.0,0.0,0.0,0.0,0.0,0.0,0.0,141565.0,0.0,1.0,0.0,0.0,0.0,0.0,0.0,0.0,0.0,12.0,0.0,0.0,0.0,0.0,1.0,0.0,0.0,3.0,0.0,0.0,2.0,14.0,0.0,0.0,0.0,0.0,2.0,0.0,0.0,4.0,60.0,0.0,104.0,1406.0,0.0
4.0,0.0,0.0,0.0,1,82,1.0,0,0,0,8047,2,0,1,0,0,472,61,14,17,0,1,0,3,0,0,1,46,1,1,18,0,0,8,0,0,0,392,3,0,0,0,0,5.153506942017564,4.0054597245100325,0,0,1,0,0,0,0,1,0.0,8045.0,355.0,0.0,2.0,0.0,1.0,0.0,0.0,0.0,102811.0,0.0,0.0,0.0,0.0,0.0,0.0,0.0,0.0,0.0,25.0,0.0,0.0,0.0,0.0,1.0,0.0,0.0,3.0,0.0,0.0,0.0,4.0,0.0,0.0,0.0,0.0,1.0,0.0,0.0,0.0,248.0,0.0,47.0,1150.0,1.0
0.0,0.0,0.0,0.0,1,62,2.0,0,0,0,3113,0,0,0,0,0,522,63,15,21,1,1,0,1,0,0,1,86,5,1,51,0,0,7,0,0,0,439,1,0,0,0,0,5.347559273309447,4.138672083471546,0,0,1,1,0,0,0,1,0.0,6099.0,1205.0,0.0,0.0,0.0,0.0,0.0,0.0,3.0,62534.0,0.0,2.0,0.0,0.0,0.0,0.0,20.0,0.0,0.0,10.0,3.0,0.0,0.0,0.0,1.0,0.0,0.0,3.0,0.0,0.0,2.1281,2.0,0.0,0.0,0.0,0.0,3.0,1.0,0.0,3.5,29.0,0.0,70.0,1150.0,0.0
4.0,3.0,0.0,0.0,1,230,1.0,0,0,0,6019,1,0,1,0,0,538,53,10,24,0,1,0,1,0,0,1,48,3,1,42,0,0,10,0,0,0,465,1,0,0,0,0,5.176382880277486,4.190487559178972,0,0,0,0,0,0,0,1,0.0,3416.0,600.0,0.0,1.0,0.0,0.0,0.0,0.0,2.0,135791.0,0.0,1.0,0.0,0.0,0.0,0.0,0.0,0.0,0.0,76.0,0.0,0.0,0.0,0.0,1.0,0.0,0.0,3.0,0.0,0.0,2.0,102.0,0.0,0.0,0.0,0.0,2.0,1.0,0.0,4.0,31.0,0.0,43.0,0.0,0.0
0.0,0.0,0.0,0.0,1,0,2.0,0,0,0,241,0,0,0,0,0,502,32,13,10,2,1,0,5,0,0,1,45,0,0,0,0,0,32,0,0,0,451,4,0,0,0,0,5.172519087030301,4.3246987351738495,1,1,0,1,0,0,0,1,0.0,10295.0,1026.0,0.0,0.0,0.0,0.0,0.0,0.0,0.0,39106.0,0.0,1.0,0.0,0.0,0.0,0.0,0.0,0.0,0.0,0.0,0.0,0.0,0.0,0.0,1.0,0.0,0.0,3.0,0.0,0.0,0.0,0.0,0.0,0.0,0.0,0.0,2.0,0.0,0.0,3.0,0.0,0.0,0.0,0.0,0.0
0.0,0.0,0.0,0.0,1,0,1.0,0,0,0,0,0,0,0,0,0,424,65,16,15,0,1,0,1,0,0,1,38,5,1,53,0,0,11,0,0,0,340,1,0,0,0,0,5.157551082419939,4.0594758893524165,0,0,1,1,0,0,0,1,0.0,7603.0,66.0,0.0,0.0,0.0,0.0,0.0,0.0,0.0,0.0,0.0,0.0,0.0,0.0,0.0,0.0,0.0,0.0,0.0,0.0,0.0,0.0,0.0,0.0,0.0,0.0,0.0,0.0,0.0,0.0,0.0,0.0,0.0,0.0,0.0,0.0,0.0,0.0,0.0,0.0,0.0,0.0,0.0,0.0,0.0
0.0,0.0,0.0,0.0,1,1,1.0,0,0,0,0,0,0,0,0,0,465,61,14,18,0,1,0,1,0,0,1,63,5,1,50,0,0,10,0,0,0,385,1,0,0,0,0,5.298333251104579,4.163680781139593,0,0,1,1,0,0,0,1,0.0,8268.0,132.0,0.0,0.0,0.0,0.0,0.0,0.0,0.0,0.0,0.0,0.0,0.0,0.0,0.0,0.0,0.0,0.0,0.0,0.0,0.0,0.0,0.0,0.0,0.0,0.0,0.0,0.0,0.0,0.0,0.0,0.0,0.0,0.0,0.0,0.0,0.0,0.0,0.0,0.0,0.0,0.0,0.0,0.0,0.0
4.0,3.0,0.0,0.0,1,0,1.0,0,0,0,0,0,0,0,0,0,506,57,12,24,0,1,0,1,0,0,1,47,3,1,46,0,0,10,0,0,0,429,1,0,0,0,0,5.182314272583742,4.060336287153207,0,0,0,0,0,0,0,1,0.0,3465.0,2743.0,0.0,0.0,0.0,0.0,0.0,0.0,0.0,0.0,0.0,0.0,0.0,0.0,0.0,0.0,0.0,0.0,0.0,0.0,0.0,0.0,0.0,0.0,0.0,0.0,0.0,0.0,0.0,0.0,0.0,0.0,0.0,0.0,0.0,0.0,0.0,0.0,0.0,0.0,0.0,0.0,0.0,0.0,0.0
0.0,0.0,0.0,0.0,1,0,1.0,0,0,0,0,0,0,0,0,0,389,63,15,10,0,1,0,1,0,0,1,40,3,1,46,0,0,7,0,0,0,308,1,0,0,0,0,5.175218387246753,4.003583692688711,0,0,1,1,0,0,0,1,0.0,7549.0,1946.0,0.0,0.0,0.0,0.0,0.0,0.0,0.0,0.0,0.0,0.0,0.0,0.0,0.0,0.0,0.0,0.0,0.0,0.0,0.0,0.0,0.0,0.0,0.0,0.0,0.0,0.0,0.0,0.0,0.0,0.0,0.0,0.0,0.0,0.0,0.0,0.0,0.0,0.0,0.0,0.0,0.0,0.0,0.0
2.0,1.0,0.0,0.0,1,1,1.0,0,0,0,0,0,0,0,0,0,528,51,9,20,2,1,0,1,0,0,1,56,3,1,40,0,0,10,0,0,0,456,1,0,0,0,0,5.1959895533770535,4.07388049029835,0,0,1,0,0,0,0,1,0.0,8388.0,1108.0,0.0,0.0,0.0,0.0,0.0,0.0,0.0,0.0,0.0,0.0,0.0,0.0,0.0,0.0,0.0,0.0,0.0,0.0,0.0,0.0,0.0,0.0,0.0,0.0,0.0,0.0,0.0,0.0,0.0,0.0,0.0,0.0,0.0,0.0,0.0,0.0,0.0,0.0,0.0,0.0,0.0,0.0,0.0
2.0,0.0,0.0,0.0,1,76,1.0,0,0,0,16541,3,0,1,1,1,749,32,13,10,2,1,0,5,0,0,1,52,0,0,0,0,0,32,0,0,0,686,4,0,0,0,1,5.036416745776508,4.3246987351738495,1,1,0,1,0,1,0,1,0.0,7549.0,120.0,0.0,3.0,0.0,1.0,0.0,0.0,1.0,260788.0,0.0,1.0,0.0,0.0,0.0,0.0,0.0,0.0,0.0,11.0,1.0,0.0,0.0,0.0,1.0,0.0,0.0,3.0,0.0,0.0,0.0,4.0,0.0,0.0,0.0,0.0,2.0,1.0,0.0,3.0,102.0,0.0,37.0,9662.0,2.0
0.0,0.0,0.0,0.0,1,38,2.0,0,0,0,322,0,0,1,0,0,663,32,22,14,2,1,0,5,0,0,1,45,0,0,0,0,0,32,0,0,0,606,4,0,0,0,1,5.147578033687355,4.3246987351738495,1,1,0,1,0,1,0,1,0.0,7993.0,1503.0,0.0,0.0,0.0,0.0,0.0,0.0,1.0,18043.0,0.0,2.0,0.0,0.0,0.0,0.0,0.0,0.0,0.0,2.0,0.0,0.0,0.0,0.0,1.0,0.0,0.0,3.0,0.0,0.0,3.1158,0.0,0.0,0.0,0.0,0.0,3.0,1.0,0.0,9.5,1.0,0.0,1.0,32038.0,1.0
0.0,0.0,0.0,0.0,1,1,1.0,0,0,0,0,0,0,0,0,0,406,75,21,13,0,1,0,1,0,0,1,42,5,1,64,0,0,10,0,0,0,313,1,0,0,0,0,5.215047020200478,4.1241168565567765,0,0,1,1,0,0,0,1,0.0,8050.0,350.0,0.0,0.0,0.0,0.0,0.0,0.0,0.0,0.0,0.0,0.0,0.0,0.0,0.0,0.0,0.0,0.0,0.0,0.0,0.0,0.0,0.0,0.0,0.0,0.0,0.0,0.0,0.0,0.0,0.0,0.0,0.0,0.0,0.0,0.0,0.0,0.0,0.0,0.0,0.0,0.0,0.0,0.0,0.0
0.0,0.0,0.0,0.0,1,0,1.0,0,0,0,72,0,0,0,0,0,503,32,14,10,2,1,0,5,0,0,1,43,0,0,0,0,0,32,0,0,0,452,4,0,0,0,0,5.170163014511646,4.3246987351738495,1,1,0,1,0,0,0,1,0.0,8593.0,903.0,0.0,0.0,0.0,0.0,0.0,0.0,0.0,309.0,0.0,1.0,0.0,0.0,0.0,0.0,0.0,0.0,0.0,0.0,0.0,0.0,0.0,0.0,1.0,0.0,0.0,3.0,0.0,0.0,0.0,0.0,0.0,0.0,0.0,0.0,2.0,0.0,0.0,3.0,0.0,0.0,0.0,0.0,0.0
2.0,0.0,0.0,0.0,1,0,1.0,0,0,0,0,0,0,0,0,0,430,55,11,11,0,1,0,1,0,0,1,45,1,1,16,0,0,7,0,0,0,356,1,0,0,0,0,5.1375918234532785,3.899911172247734,0,0,0,0,0,0,0,1,0.0,7549.0,120.0,0.0,0.0,0.0,0.0,0.0,0.0,0.0,0.0,0.0,0.0,0.0,0.0,0.0,0.0,0.0,0.0,0.0,0.0,0.0,0.0,0.0,0.0,0.0,0.0,0.0,0.0,0.0,0.0,0.0,0.0,0.0,0.0,0.0,0.0,0.0,0.0,0.0,0.0,0.0,0.0,0.0,0.0,0.0
0.0,0.0,0.0,0.0,1,61,2.0,0,0,0,16073,1,1,1,1,1,809,32,10,14,2,1,0,6,0,0,1,56,0,0,0,0,0,32,0,0,0,744,5,0,0,0,1,5.093161125413766,4.3246987351738495,1,1,0,1,0,1,0,1,0.0,8268.0,132.0,0.0,1.0,1.0,1.0,0.0,0.0,2.0,198702.0,0.0,2.0,0.0,0.0,0.0,0.0,35.0,0.0,0.0,17.0,0.0,0.0,0.0,1.0,1.0,0.0,0.0,3.0,0.0,0.0,1.7925,4.0,0.0,0.0,0.0,0.0,3.0,1.0,0.0,3.0,249.0,0.0,40.0,9662.0,1.0
2.0,1.0,0.0,0.0,1,3,1.0,0,0,0,183,0,0,0,0,0,501,32,6,10,2,1,0,5,0,0,1,44,0,0,0,0,0,32,0,0,0,448,4,0,0,0,0,5.1952658921470665,4.3246987351738495,1,1,0,1,0,0,0,1,0.0,7549.0,120.0,0.0,0.0,0.0,1.0,0.0,0.0,0.0,3396.0,0.0,1.0,0.0,0.0,0.0,0.0,0.0,0.0,0.0,1.0,0.0,0.0,0.0,0.0,1.0,0.0,0.0,3.0,0.0,0.0,0.0,1.0,0.0,0.0,0.0,0.0,2.0,0.0,0.0,3.0,0.0,0.0,1.0,0.0,0.0
0.0,0.0,0.0,0.0,1,80,1.0,0,0,0,4622,1,0,0,0,0,755,32,13,10,2,1,0,6,0,0,1,56,0,0,0,0,0,32,0,0,0,692,5,0,0,0,1,5.112485921731843,4.3246987351738495,1,1,0,1,0,1,0,1,0.0,9891.0,334.0,0.0,1.0,1.0,1.0,0.0,0.0,0.0,164353.0,0.0,1.0,0.0,0.0,0.0,0.0,25.0,0.0,0.0,14.0,1.0,0.0,0.0,0.0,1.0,0.0,0.0,3.0,0.0,0.0,0.0,9.0,0.0,0.0,0.0,0.0,2.0,0.0,0.0,3.0,48.0,0.0,46.0,2438.0,0.0
2.0,0.0,0.0,0.0,1,0,2.0,0,0,0,0,0,0,0,0,0,469,67,17,15,0,1,0,1,0,0,1,52,1,1,22,0,0,7,0,0,0,383,1,0,0,0,0,5.1649641049650565,4.044567781558905,0,0,0,0,0,0,0,1,0.0,1135.0,2517.0,0.0,0.0,0.0,0.0,0.0,0.0,0.0,0.0,0.0,0.0,0.0,0.0,0.0,0.0,0.0,0.0,0.0,0.0,0.0,0.0,0.0,0.0,0.0,0.0,0.0,0.0,0.0,0.0,0.0,0.0,0.0,0.0,0.0,0.0,0.0,0.0,0.0,0.0,0.0,0.0,0.0,0.0,0.0
0.0,0.0,0.0,0.0,1,1,2.0,0,0,0,0,0,0,0,0,0,490,63,15,13,0,1,0,1,0,0,1,76,3,1,46,0,0,7,0,0,0,408,1,0,0,0,0,5.264954162599731,4.035696194058619,0,0,1,1,0,0,0,1,0.0,7545.0,489.0,0.0,0.0,0.0,0.0,0.0,0.0,0.0,0.0,0.0,0.0,0.0,0.0,0.0,0.0,0.0,0.0,0.0,0.0,0.0,0.0,0.0,0.0,0.0,0.0,0.0,0.0,0.0,0.0,0.0,0.0,0.0,0.0,0.0,0.0,0.0,0.0,0.0,0.0,0.0,0.0,0.0,0.0,0.0
0.0,0.0,0.0,0.0,1,147,1.0,0,0,0,20219,0,1,1,1,1,662,32,12,10,2,1,0,5,0,0,1,49,0,0,0,0,0,32,0,0,0,604,4,0,0,0,1,5.180644142365209,4.3246987351738495,1,1,0,1,0,1,0,1,0.0,10137.0,3010.0,0.0,0.0,0.0,0.0,0.0,0.0,1.0,398968.0,0.0,1.0,0.0,0.0,0.0,0.0,0.0,0.0,0.0,7.0,4.0,0.0,0.0,0.0,1.0,0.0,0.0,3.0,0.0,0.0,0.0,7.0,0.0,0.0,0.0,0.0,2.0,1.0,0.0,3.0,145.0,0.0,54.0,1150.0,3.0
0.0,0.0,0.0,0.0,1,0,1.0,0,0,0,66,0,0,0,0,0,495,32,12,10,2,1,0,5,0,0,1,43,0,0,0,0,0,32,0,0,0,444,4,0,0,0,0,5.170783425634773,4.3246987351738495,1,1,0,1,0,0,0,1,0.0,7549.0,850.0,0.0,0.0,0.0,0.0,0.0,0.0,0.0,177.0,0.0,1.0,0.0,0.0,0.0,0.0,0.0,0.0,0.0,0.0,0.0,0.0,0.0,0.0,1.0,0.0,0.0,3.0,0.0,0.0,0.0,0.0,0.0,0.0,0.0,0.0,2.0,0.0,0.0,3.0,0.0,0.0,0.0,0.0,0.0
0.0,0.0,0.0,0.0,1,282,2.0,0,0,0,24648,1,1,1,1,1,843,32,12,10,2,1,0,6,0,0,1,57,0,0,0,0,0,32,0,0,0,777,5,0,0,0,1,5.056181358922845,4.3246987351738495,1,1,0,1,0,1,0,1,0.0,10418.0,539.0,0.0,1.0,0.0,0.0,0.0,0.0,5.0,983594.0,0.0,1.0,0.0,0.0,0.0,0.0,30.0,0.0,0.0,107.0,3.0,0.0,0.0,1.0,1.0,0.0,0.0,3.0,0.0,0.0,0.0,41.0,0.0,0.0,0.0,0.0,2.0,1.0,0.0,3.0,268.0,0.0,202.0,894.0,3.0
2.0,3.0,0.0,0.0,1,185,1.0,0,0,0,11658,2,1,1,1,1,771,32,15,10,2,1,0,5,0,0,1,51,0,0,0,0,0,32,0,0,0,708,4,0,0,0,1,5.091829338137405,4.3246987351738495,1,1,0,1,0,1,0,1,0.0,4619.0,493.0,0.0,2.0,0.0,0.0,0.0,0.0,2.0,194297.0,0.0,1.0,0.0,0.0,0.0,0.0,0.0,0.0,0.0,51.0,6.0,0.0,0.0,0.0,1.0,0.0,0.0,3.0,0.0,0.0,0.0,16.0,0.0,0.0,0.0,0.0,2.0,1.0,0.0,3.0,72.0,0.0,104.0,1640.0,4.0
0.0,0.0,0.0,0.0,1,3,1.0,0,0,0,189,0,0,0,0,0,521,32,11,10,2,1,0,5,0,0,1,44,0,0,0,0,0,32,0,0,0,468,4,0,0,0,0,5.239996520392501,4.3246987351738495,1,1,0,1,0,0,0,1,0.0,10284.0,306.0,0.0,0.0,0.0,1.0,0.0,0.0,0.0,3475.0,0.0,1.0,0.0,0.0,0.0,0.0,0.0,0.0,0.0,1.0,0.0,0.0,0.0,0.0,1.0,0.0,0.0,3.0,0.0,0.0,0.0,1.0,0.0,0.0,0.0,0.0,2.0,0.0,0.0,3.0,0.0,0.0,1.0,0.0,0.0
0.0,0.0,0.0,0.0,1,276,1.0,0,0,0,13702,2,1,1,1,1,878,33,17,14,2,1,0,6,0,0,1,57,0,0,0,0,0,33,0,0,0,811,5,0,0,0,1,5.04482450659833,4.389556529224006,1,1,0,1,0,1,0,1,0.0,8237.0,3085.0,0.0,2.0,0.0,1.0,0.0,0.0,3.0,373670.0,0.0,2.0,0.0,0.0,0.0,0.0,20.0,0.0,0.0,37.0,3.0,0.0,0.0,0.0,1.0,0.0,0.0,3.0,0.0,0.0,3.182,17.0,0.0,0.0,0.0,0.0,3.0,1.0,0.0,7.0,85.0,0.0,86.0,3987.0,4.0
0.0,0.0,0.0,0.0,1,0,1.0,0,0,0,0,0,0,0,0,0,368,53,10,10,0,1,0,1,0,0,1,41,3,1,41,0,0,7,0,0,0,297,1,0,0,0,0,5.231188115473953,4.086529540229407,0,0,0,1,0,0,0,1,0.0,7546.0,488.0,0.0,0.0,0.0,0.0,0.0,0.0,0.0,0.0,0.0,0.0,0.0,0.0,0.0,0.0,0.0,0.0,0.0,0.0,0.0,0.0,0.0,0.0,0.0,0.0,0.0,0.0,0.0,0.0,0.0,0.0,0.0,0.0,0.0,0.0,0.0,0.0,0.0,0.0,0.0,0.0,0.0,0.0,0.0
0.0,0.0,0.0,0.0,1,163,1.0,0,0,0,33448,2,1,1,1,1,747,32,9,14,2,1,0,5,0,0,1,51,0,0,0,0,0,32,0,0,0,684,4,0,0,0,1,5.0937519749686855,4.3246987351738495,1,1,0,1,0,1,0,1,0.0,8268.0,1228.0,0.0,2.0,0.0,0.0,0.0,0.0,1.0,184896.0,0.0,2.0,0.0,0.0,0.0,0.0,0.0,0.0,0.0,27.0,3.0,0.0,0.0,0.0,1.0,0.0,0.0,3.0,0.0,0.0,1.7925,7.0,0.0,0.0,0.0,0.0,3.0,1.0,0.0,3.0,46.0,0.0,134.0,109101.0,4.0
0.0,0.0,0.0,0.0,1,1,1.0,0,0,0,161,0,0,1,0,0,679,33,24,14,2,1,0,6,0,0,1,50,0,0,0,0,0,33,0,0,0,622,5,0,0,0,0,5.215328561483164,4.389556529224006,1,1,0,1,0,0,0,1,0.0,8268.0,132.0,0.0,0.0,1.0,1.0,0.0,0.0,0.0,7525.0,0.0,2.0,0.0,0.0,0.0,0.0,25.0,0.0,0.0,0.0,0.0,0.0,0.0,0.0,1.0,0.0,0.0,3.0,0.0,0.0,3.6178,0.0,0.0,0.0,0.0,0.0,3.0,0.0,0.0,10.5,1.0,0.0,1.0,0.0,0.0
0.0,0.0,0.0,0.0,1,1,1.0,0,0,0,0,0,0,0,0,0,410,71,19,10,0,1,0,1,0,0,1,40,3,1,50,0,0,7,0,0,0,321,1,0,0,0,0,5.19492319261431,4.112854565066213,0,0,1,1,0,0,0,1,0.0,7547.0,1948.0,0.0,0.0,0.0,0.0,0.0,0.0,0.0,0.0,0.0,0.0,0.0,0.0,0.0,0.0,0.0,0.0,0.0,0.0,0.0,0.0,0.0,0.0,0.0,0.0,0.0,0.0,0.0,0.0,0.0,0.0,0.0,0.0,0.0,0.0,0.0,0.0,0.0,0.0,0.0,0.0,0.0,0.0,0.0
0.0,0.0,0.0,0.0,1,108,2.0,0,0,0,12690,1,1,1,0,1,833,32,13,10,2,1,0,6,0,0,1,56,0,0,0,0,0,32,0,0,0,768,5,0,0,0,1,5.048459386450595,4.3246987351738495,1,1,0,1,0,1,0,1,0.0,10686.0,269.0,0.0,1.0,0.0,1.0,1.0,0.0,15.0,1383460.0,0.0,1.0,0.0,0.0,0.0,0.0,55.0,0.0,0.0,7.0,0.0,0.0,0.0,1.0,1.0,0.0,0.0,3.0,0.0,0.0,0.0,10.0,0.0,0.0,0.0,0.0,2.0,1.0,1.0,3.0,92.0,1.0,109.0,9662.0,2.0
0.0,0.0,0.0,0.0,1,2,2.0,0,0,0,0,0,0,0,0,0,484,59,13,18,0,1,0,1,0,0,1,81,3,1,44,0,0,8,0,0,0,406,1,0,0,0,0,5.293020861492057,4.19537398119854,0,0,1,1,0,0,0,1,0.0,10942.0,379.0,0.0,0.0,0.0,0.0,0.0,0.0,0.0,0.0,0.0,0.0,0.0,0.0,0.0,0.0,0.0,0.0,0.0,0.0,0.0,0.0,0.0,0.0,0.0,0.0,0.0,0.0,0.0,0.0,0.0,0.0,0.0,0.0,0.0,0.0,0.0,0.0,0.0,0.0,0.0,0.0,0.0,0.0,0.0
6.0,0.0,0.0,0.0,1,0,1.0,0,0,0,152,0,0,0,0,0,503,32,17,7,2,1,0,5,0,0,1,43,0,0,0,0,0,32,0,0,0,452,4,0,0,0,0,5.127726740525602,4.3246987351738495,1,1,0,1,0,0,0,1,0.0,8525.0,240.0,0.0,0.0,0.0,0.0,0.0,0.0,0.0,262.0,0.0,0.0,0.0,0.0,0.0,0.0,0.0,0.0,0.0,0.0,0.0,0.0,0.0,0.0,1.0,0.0,0.0,3.0,0.0,0.0,0.0,0.0,0.0,0.0,0.0,0.0,1.0,0.0,0.0,0.0,1.0,0.0,0.0,0.0,0.0
0.0,0.0,0.0,0.0,1,442,2.0,0,0,0,33477,1,1,1,1,1,776,32,11,10,2,1,0,5,0,0,1,52,0,0,0,0,0,32,0,0,0,712,4,0,0,0,1,5.070045023236178,4.3246987351738495,1,1,0,1,0,1,0,1,0.0,4504.0,2069.0,0.0,1.0,0.0,0.0,0.0,0.0,2.0,479191.0,0.0,1.0,0.0,0.0,0.0,0.0,0.0,0.0,0.0,112.0,4.0,0.0,0.0,0.0,1.0,0.0,0.0,3.0,0.0,0.0,0.0,97.0,0.0,0.0,0.0,0.0,2.0,1.0,0.0,3.0,101.0,0.0,146.0,15406.0,3.0
2.0,1.0,0.0,0.0,1,1,1.0,0,0,0,0,0,0,0,0,0,525,61,14,21,0,1,0,1,0,0,1,60,5,1,50,0,0,10,0,0,0,442,1,0,0,0,0,5.214252164996041,4.138930371232594,0,0,1,1,0,0,0,1,0.0,8237.0,163.0,0.0,0.0,0.0,0.0,0.0,0.0,0.0,0.0,0.0,0.0,0.0,0.0,0.0,0.0,0.0,0.0,0.0,0.0,0.0,0.0,0.0,0.0,0.0,0.0,0.0,0.0,0.0,0.0,0.0,0.0,0.0,0.0,0.0,0.0,0.0,0.0,0.0,0.0,0.0,0.0,0.0,0.0,0.0
0.0,0.0,0.0,0.0,1,3,2.0,0,0,0,764,0,0,0,0,0,595,33,19,10,2,1,0,5,0,0,1,45,0,0,0,0,0,33,0,0,0,540,4,0,0,0,0,5.206174156821632,4.389556529224006,1,1,0,1,0,0,0,1,0.0,10123.0,832.0,0.0,0.0,0.0,0.0,0.0,0.0,0.0,4248.0,0.0,1.0,0.0,0.0,0.0,0.0,0.0,0.0,0.0,0.0,0.0,0.0,0.0,0.0,1.0,0.0,0.0,3.0,0.0,0.0,0.0,1.0,0.0,0.0,0.0,0.0,2.0,0.0,0.0,3.0,1.0,0.0,0.0,0.0,0.0
0.0,0.0,0.0,0.0,1,1,1.0,0,0,0,0,0,0,0,0,0,460,65,16,14,6,1,0,1,0,0,1,61,3,1,47,0,0,8,0,0,0,376,1,0,0,0,0,5.340124957300059,4.177257668537729,0,0,0,1,0,0,0,1,0.0,10645.0,675.0,0.0,0.0,0.0,0.0,0.0,0.0,0.0,0.0,0.0,0.0,0.0,0.0,0.0,0.0,0.0,0.0,0.0,0.0,0.0,0.0,0.0,0.0,0.0,0.0,0.0,0.0,0.0,0.0,0.0,0.0,0.0,0.0,0.0,0.0,0.0,0.0,0.0,0.0,0.0,0.0,0.0,0.0,0.0
0.0,0.0,0.0,0.0,1,1,1.0,0,0,0,153,0,0,0,0,0,517,32,10,10,2,1,0,5,0,0,1,44,0,0,0,0,0,32,0,0,0,464,4,0,0,0,0,5.268760873082948,4.3246987351738495,1,1,0,1,0,0,0,1,0.0,9123.0,1833.0,0.0,0.0,0.0,1.0,0.0,0.0,0.0,2689.0,0.0,1.0,0.0,0.0,0.0,0.0,0.0,0.0,0.0,0.0,0.0,0.0,0.0,0.0,1.0,0.0,0.0,3.0,0.0,0.0,0.0,0.0,0.0,0.0,0.0,0.0,2.0,0.0,0.0,3.0,0.0,0.0,1.0,0.0,0.0
2.0,2.0,0.0,0.0,1,0,1.0,0,0,0,0,0,0,0,0,0,615,73,20,16,1,1,0,1,0,0,1,61,1,1,25,0,0,7,0,0,0,521,1,0,0,0,0,5.349004701341037,4.065257177364574,0,0,1,0,0,0,0,1,0.0,7536.0,498.0,0.0,0.0,0.0,0.0,0.0,0.0,0.0,0.0,0.0,0.0,0.0,0.0,0.0,0.0,0.0,0.0,0.0,0.0,0.0,0.0,0.0,0.0,0.0,0.0,0.0,0.0,0.0,0.0,0.0,0.0,0.0,0.0,0.0,0.0,0.0,0.0,0.0,0.0,0.0,0.0,0.0,0.0,0.0
2.0,1.0,0.0,0.0,1,38,1.0,0,0,0,4714,1,0,0,0,0,585,32,7,7,2,1,0,5,0,0,1,49,0,0,0,0,0,32,0,0,0,527,4,0,0,0,1,5.06459208897714,4.3246987351738495,1,1,0,1,0,1,0,1,0.0,8369.0,396.0,0.0,1.0,0.0,0.0,0.0,0.0,0.0,67802.0,0.0,0.0,0.0,0.0,0.0,0.0,0.0,0.0,0.0,7.0,0.0,0.0,0.0,0.0,1.0,0.0,0.0,3.0,0.0,0.0,0.0,6.0,0.0,0.0,0.0,0.0,1.0,0.0,0.0,0.0,62.0,0.0,31.0,0.0,0.0
0.0,0.0,0.0,0.0,1,518,1.0,0,0,0,69095,2,1,1,1,1,949,33,17,10,2,1,0,6,0,0,1,59,0,0,0,0,0,33,0,0,0,880,5,0,0,0,1,5.029218036070032,4.389556529224006,1,1,0,1,0,1,0,1,0.0,2838.0,83.0,0.0,2.0,0.0,1.0,1.0,0.0,10.0,1823052.0,0.0,1.0,0.0,0.0,0.0,0.0,55.0,0.0,0.0,4.0,3.0,0.0,0.0,1.0,1.0,0.0,0.0,3.0,0.0,0.0,0.0,2.0,0.0,0.0,0.0,0.0,2.0,1.0,1.0,3.0,208.0,2.0,689.0,15086.0,3.0
1.0,0.0,0.0,0.0,1,77,1.0,0,0,0,3814,1,1,0,1,1,724,32,7,10,2,1,0,5,0,0,1,52,0,0,0,0,0,32,0,0,0,661,4,0,0,0,1,5.070749129148257,4.3246987351738495,1,1,0,1,0,1,0,1,0.0,9829.0,396.0,0.0,1.0,0.0,0.0,0.0,0.0,2.0,3396127.0,0.0,1.0,0.0,0.0,0.0,0.0,0.0,0.0,0.0,43.0,1.0,0.0,0.0,0.0,1.0,0.0,0.0,3.0,0.0,0.0,0.0,1.0,0.0,0.0,0.0,0.0,2.0,1.0,0.0,3.0,10.0,0.0,28.0,15406.0,2.0
0.0,0.0,0.0,0.0,1,1,1.0,0,0,0,0,0,0,0,0,0,507,67,17,15,0,1,0,1,0,0,1,75,3,1,48,0,0,8,0,0,0,420,1,0,0,0,0,5.321710012983715,4.310137839834719,0,0,1,1,0,0,0,1,0.0,3978.0,2230.0,0.0,0.0,0.0,0.0,0.0,0.0,0.0,0.0,0.0,0.0,0.0,0.0,0.0,0.0,0.0,0.0,0.0,0.0,0.0,0.0,0.0,0.0,0.0,0.0,0.0,0.0,0.0,0.0,0.0,0.0,0.0,0.0,0.0,0.0,0.0,0.0,0.0,0.0,0.0,0.0,0.0,0.0,0.0
0.0,0.0,0.0,0.0,1,146,1.0,0,0,0,38053,0,1,1,1,1,660,32,7,10,2,1,0,5,0,0,1,48,0,0,0,0,0,32,0,0,0,602,4,0,0,0,1,5.149164172268995,4.3246987351738495,1,1,0,1,0,1,0,1,0.0,1999.0,556.0,0.0,0.0,0.0,0.0,0.0,0.0,1.0,393705.0,0.0,1.0,0.0,0.0,0.0,0.0,0.0,0.0,0.0,31.0,2.0,0.0,0.0,0.0,1.0,0.0,0.0,3.0,0.0,0.0,0.0,1.0,0.0,0.0,0.0,0.0,2.0,1.0,0.0,3.0,42.0,0.0,653.0,1546.0,5.0
0.0,0.0,0.0,0.0,1,48,2.0,0,0,0,4314,0,1,0,0,1,588,32,9,10,2,1,0,5,0,0,1,47,0,0,0,0,0,32,0,0,0,532,4,0,0,0,1,5.155333627739679,4.3246987351738495,1,1,0,1,0,1,0,1,0.0,7590.0,3001.0,0.0,0.0,0.0,0.0,0.0,0.0,0.0,618914.0,0.0,1.0,0.0,0.0,0.0,0.0,0.0,0.0,0.0,2.0,0.0,0.0,0.0,0.0,1.0,0.0,0.0,3.0,0.0,0.0,0.0,1.0,0.0,0.0,0.0,0.0,2.0,0.0,0.0,3.0,14.0,0.0,13.0,487.0,2.0
0.0,0.0,0.0,0.0,1,103,1.0,0,0,0,26744,1,1,1,1,1,845,33,17,10,2,1,0,6,0,0,1,58,0,0,0,0,0,33,0,0,0,779,5,0,0,0,1,5.051231309032396,4.389556529224006,1,1,0,1,0,1,0,1,0.0,8655.0,110.0,0.0,1.0,0.0,1.0,0.0,0.0,0.0,225856.0,0.0,1.0,0.0,0.0,0.0,0.0,10.0,0.0,0.0,15.0,4.0,0.0,0.0,1.0,1.0,0.0,0.0,3.0,0.0,0.0,0.0,10.0,0.0,0.0,0.0,0.0,2.0,0.0,0.0,3.0,869.0,0.0,90.0,8498.0,3.0
0.0,0.0,0.0,0.0,1,91,1.0,0,0,0,7890,0,1,1,1,1,693,33,22,10,2,1,0,5,0,0,1,49,0,0,0,0,0,33,0,0,0,634,4,0,0,0,1,5.152398446332112,4.389556529224006,1,1,0,1,0,1,0,1,0.0,8862.0,1729.0,0.0,0.0,0.0,1.0,0.0,0.0,0.0,130608.0,0.0,1.0,0.0,0.0,0.0,0.0,0.0,0.0,0.0,16.0,2.0,0.0,0.0,0.0,1.0,0.0,0.0,3.0,0.0,0.0,0.0,8.0,0.0,0.0,0.0,0.0,2.0,0.0,0.0,3.0,61.0,0.0,32.0,1150.0,1.0
0.0,0.0,0.0,0.0,1,1,1.0,0,0,0,0,0,0,0,0,0,391,73,20,11,0,1,0,1,0,0,1,40,3,1,51,0,0,8,0,0,0,300,1,0,0,0,0,5.210521684130748,4.11416642911739,0,0,1,1,0,0,0,1,0.0,8679.0,86.0,0.0,0.0,0.0,0.0,0.0,0.0,0.0,0.0,0.0,0.0,0.0,0.0,0.0,0.0,0.0,0.0,0.0,0.0,0.0,0.0,0.0,0.0,0.0,0.0,0.0,0.0,0.0,0.0,0.0,0.0,0.0,0.0,0.0,0.0,0.0,0.0,0.0,0.0,0.0,0.0,0.0,0.0,0.0
4.0,3.0,0.0,0.0,1,1,1.0,0,0,0,217,0,0,0,0,0,562,32,10,11,2,1,0,5,0,0,1,45,0,0,0,0,0,32,0,0,0,507,4,0,0,0,0,5.139385305681914,4.3246987351738495,1,1,0,1,0,0,0,1,0.0,7617.0,52.0,0.0,0.0,0.0,0.0,0.0,0.0,2.0,47669.0,0.0,1.0,0.0,0.0,0.0,0.0,0.0,0.0,0.0,1.0,0.0,0.0,0.0,0.0,1.0,0.0,0.0,3.0,0.0,0.0,1.585,1.0,0.0,0.0,0.0,0.0,2.0,1.0,0.0,3.0,0.0,0.0,3.0,8.0,0.0
3.0,2.0,0.0,0.0,1,0,1.0,0,0,0,0,0,0,0,0,0,532,55,11,26,0,1,0,1,0,0,1,45,3,1,43,0,0,7,0,0,0,457,1,0,0,0,0,5.093312696689601,4.05344039643998,0,0,0,0,0,0,0,1,0.0,8254.0,511.0,0.0,0.0,0.0,0.0,0.0,0.0,0.0,0.0,0.0,0.0,0.0,0.0,0.0,0.0,0.0,0.0,0.0,0.0,0.0,0.0,0.0,0.0,0.0,0.0,0.0,0.0,0.0,0.0,0.0,0.0,0.0,0.0,0.0,0.0,0.0,0.0,0.0,0.0,0.0,0.0,0.0,0.0,0.0
3.0,1.0,0.0,0.0,1,0,1.0,0,0,0,0,0,0,0,0,0,543,75,21,22,0,1,0,1,0,0,1,45,3,1,63,0,0,11,0,0,0,448,1,0,0,0,0,5.050056748457783,4.074461473460119,0,0,1,0,0,0,0,1,0.0,8268.0,132.0,0.0,0.0,0.0,0.0,0.0,0.0,0.0,0.0,0.0,0.0,0.0,0.0,0.0,0.0,0.0,0.0,0.0,0.0,0.0,0.0,0.0,0.0,0.0,0.0,0.0,0.0,0.0,0.0,0.0,0.0,0.0,0.0,0.0,0.0,0.0,0.0,0.0,0.0,0.0,0.0,0.0,0.0,0.0
0.0,0.0,0.0,0.0,1,0,2.0,0,0,0,204,0,0,0,0,0,475,32,10,11,2,1,0,5,0,0,1,43,0,0,0,0,0,32,0,0,0,424,4,0,0,0,0,5.1565612036672235,4.3246987351738495,1,1,0,1,0,0,0,1,0.0,7603.0,66.0,0.0,0.0,0.0,0.0,0.0,0.0,0.0,288.0,0.0,1.0,0.0,0.0,0.0,0.0,0.0,0.0,0.0,0.0,0.0,0.0,0.0,0.0,1.0,0.0,0.0,3.0,0.0,0.0,0.0,0.0,0.0,0.0,0.0,0.0,2.0,0.0,0.0,3.0,0.0,0.0,0.0,0.0,0.0
0.0,0.0,0.0,0.0,1,259,2.0,0,0,0,22588,3,1,1,1,1,922,32,22,10,2,1,0,6,0,0,1,57,0,0,0,0,0,32,0,0,0,855,5,0,0,0,1,5.051108536622439,4.3246987351738495,1,1,0,1,0,1,0,1,0.0,7456.0,2405.0,0.0,3.0,1.0,1.0,0.0,0.0,2.0,1344383.0,0.0,1.0,0.0,0.0,0.0,0.0,45.0,0.0,0.0,59.0,9.0,0.0,0.0,1.0,1.0,0.0,0.0,3.0,0.0,0.0,0.0,18.0,0.0,0.0,0.0,1.0,2.0,1.0,1.0,3.0,44.0,0.0,324.0,1291.0,3.0
0.0,0.0,0.0,0.0,1,186,1.0,0,0,0,5261,1,0,0,0,0,691,32,12,11,2,1,0,6,0,0,1,56,0,0,0,0,0,32,0,0,0,630,5,0,0,0,1,5.020605025920585,4.3246987351738495,1,1,0,1,0,1,0,1,0.0,7603.0,66.0,0.0,1.0,0.0,1.0,0.0,0.0,3.0,129908.0,0.0,1.0,0.0,0.0,0.0,0.0,20.0,0.0,0.0,46.0,0.0,0.0,0.0,0.0,1.0,0.0,0.0,3.0,0.0,0.0,2.3219,4.0,0.0,0.0,0.0,0.0,2.0,1.0,0.0,5.0,122.0,0.0,146.0,9266.0,0.0
0.0,0.0,0.0,0.0,1,64,1.0,0,0,0,7136,1,0,1,1,1,763,32,17,14,2,1,0,6,0,0,1,55,0,0,0,0,0,32,0,0,0,701,5,0,0,0,1,5.09088407353691,4.3246987351738495,1,1,0,1,0,1,0,1,0.0,7903.0,132.0,0.0,1.0,0.0,0.0,0.0,0.0,0.0,205695.0,0.0,2.0,0.0,0.0,0.0,0.0,10.0,0.0,0.0,10.0,0.0,0.0,0.0,1.0,1.0,0.0,0.0,3.0,0.0,0.0,2.8731,10.0,0.0,0.0,0.0,0.0,3.0,0.0,0.0,6.5,54.0,0.0,30.0,0.0,3.0
0.0,0.0,0.0,0.0,1,1,1.0,0,0,0,0,0,0,0,0,0,412,77,22,13,0,1,0,1,0,0,1,38,5,1,65,0,0,11,0,0,0,317,1,0,0,0,0,5.148639662803774,3.980902081095273,0,0,1,0,0,0,0,1,0.0,5209.0,269.0,0.0,0.0,0.0,0.0,0.0,0.0,0.0,0.0,0.0,0.0,0.0,0.0,0.0,0.0,0.0,0.0,0.0,0.0,0.0,0.0,0.0,0.0,0.0,0.0,0.0,0.0,0.0,0.0,0.0,0.0,0.0,0.0,0.0,0.0,0.0,0.0,0.0,0.0,0.0,0.0,0.0,0.0,0.0
0.0,0.0,0.0,0.0,1,2,1.0,0,0,0,0,0,0,0,0,0,418,81,24,13,0,1,0,1,0,0,1,38,5,1,69,0,0,11,0,0,0,319,1,0,0,0,0,5.1366753636450415,4.049444096792055,0,0,1,0,0,0,0,1,0.0,5209.0,269.0,0.0,0.0,0.0,0.0,0.0,0.0,0.0,0.0,0.0,0.0,0.0,0.0,0.0,0.0,0.0,0.0,0.0,0.0,0.0,0.0,0.0,0.0,0.0,0.0,0.0,0.0,0.0,0.0,0.0,0.0,0.0,0.0,0.0,0.0,0.0,0.0,0.0,0.0,0.0,0.0,0.0,0.0,0.0
0.0,0.0,0.0,0.0,1,240,2.0,0,0,0,5709,2,0,1,0,0,798,32,13,10,2,1,0,6,0,0,1,56,0,0,0,0,0,32,0,0,0,734,5,0,0,0,1,5.075697298309414,4.3246987351738495,1,1,0,1,0,1,0,1,0.0,7448.0,221.0,0.0,2.0,1.0,0.0,0.0,0.0,9.0,442379.0,0.0,1.0,0.0,0.0,0.0,0.0,55.0,0.0,0.0,44.0,1.0,0.0,0.0,1.0,1.0,0.0,0.0,3.0,0.0,0.0,0.0,51.0,0.0,0.0,0.0,0.0,2.0,1.0,0.0,3.0,12.0,0.0,171.0,1774.0,0.0
4.0,1.0,0.0,0.0,1,0,2.0,0,0,0,0,0,0,0,0,0,522,57,12,27,0,1,0,1,0,0,1,57,3,1,45,0,0,11,0,0,0,445,1,0,0,0,0,5.114554554403997,4.08002329489746,0,0,1,0,0,0,0,1,0.0,5955.0,253.0,0.0,0.0,0.0,0.0,0.0,0.0,0.0,0.0,0.0,0.0,0.0,0.0,0.0,0.0,0.0,0.0,0.0,0.0,0.0,0.0,0.0,0.0,0.0,0.0,0.0,0.0,0.0,0.0,0.0,0.0,0.0,0.0,0.0,0.0,0.0,0.0,0.0,0.0,0.0,0.0,0.0,0.0,0.0
4.0,3.0,0.0,0.0,1,0,1.0,0,0,0,0,0,0,0,0,0,518,57,12,24,0,1,0,1,0,0,1,46,3,1,45,0,0,11,0,0,0,441,1,0,0,0,0,5.1753595262253755,4.178843085436776,0,0,1,0,0,0,0,1,0.0,8290.0,132.0,0.0,0.0,0.0,0.0,0.0,0.0,0.0,0.0,0.0,0.0,0.0,0.0,0.0,0.0,0.0,0.0,0.0,0.0,0.0,0.0,0.0,0.0,0.0,0.0,0.0,0.0,0.0,0.0,0.0,0.0,0.0,0.0,0.0,0.0,0.0,0.0,0.0,0.0,0.0,0.0,0.0,0.0,0.0
4.0,3.0,0.0,0.0,1,1,1.0,0,0,0,0,0,0,0,0,0,513,53,10,24,0,1,0,1,0,0,1,47,3,1,41,0,0,11,0,0,0,440,1,0,0,0,0,5.151430895168384,4.128469512427973,0,0,1,0,0,0,0,1,0.0,8386.0,14.0,0.0,0.0,0.0,0.0,0.0,0.0,0.0,0.0,0.0,0.0,0.0,0.0,0.0,0.0,0.0,0.0,0.0,0.0,0.0,0.0,0.0,0.0,0.0,0.0,0.0,0.0,0.0,0.0,0.0,0.0,0.0,0.0,0.0,0.0,0.0,0.0,0.0,0.0,0.0,0.0,0.0,0.0,0.0
0.0,0.0,0.0,0.0,1,550,2.0,0,0,0,22744,1,1,1,1,1,696,32,8,10,2,1,0,5,0,0,1,52,0,0,0,0,0,32,0,0,0,634,4,0,0,0,1,5.103713864856892,4.3246987351738495,1,1,0,1,0,1,0,1,0.0,5656.0,187.0,0.0,1.0,0.0,0.0,0.0,0.0,2.0,339081.0,0.0,1.0,0.0,0.0,0.0,0.0,0.0,0.0,0.0,85.0,9.0,0.0,0.0,0.0,1.0,0.0,0.0,3.0,0.0,0.0,0.0,3.0,0.0,0.0,0.0,0.0,2.0,1.0,0.0,3.0,396.0,0.0,210.0,0.0,1.0
4.0,0.0,0.0,0.0,1,1,1.0,0,0,0,0,0,0,0,0,0,513,55,11,19,0,1,0,1,0,0,1,46,3,1,42,0,0,7,0,0,0,438,1,0,0,0,0,5.208578925860178,4.1762565328429515,0,0,0,1,0,0,0,1,0.0,3922.0,1556.0,0.0,0.0,0.0,0.0,0.0,0.0,0.0,0.0,0.0,0.0,0.0,0.0,0.0,0.0,0.0,0.0,0.0,0.0,0.0,0.0,0.0,0.0,0.0,0.0,0.0,0.0,0.0,0.0,0.0,0.0,0.0,0.0,0.0,0.0,0.0,0.0,0.0,0.0,0.0,0.0,0.0,0.0,0.0
0.0,0.0,0.0,0.0,1,0,2.0,0,0,0,0,0,0,0,0,0,532,65,16,21,0,1,0,1,0,0,1,84,5,1,53,0,0,11,0,0,0,447,1,0,0,0,0,5.255973935650925,4.198593390813311,0,0,1,1,0,0,0,1,0.0,3360.0,291.0,0.0,0.0,0.0,0.0,0.0,0.0,0.0,0.0,0.0,0.0,0.0,0.0,0.0,0.0,0.0,0.0,0.0,0.0,0.0,0.0,0.0,0.0,0.0,0.0,0.0,0.0,0.0,0.0,0.0,0.0,0.0,0.0,0.0,0.0,0.0,0.0,0.0,0.0,0.0,0.0,0.0,0.0,0.0
4.0,2.0,0.0,0.0,1,0,1.0,0,0,0,0,0,0,0,0,0,533,53,10,28,2,1,0,1,0,0,1,44,3,1,41,0,0,11,0,0,0,460,1,0,0,0,0,5.11582661886484,4.086529540229407,0,0,1,0,0,0,0,1,0.0,7903.0,132.0,0.0,0.0,0.0,0.0,0.0,0.0,0.0,0.0,0.0,0.0,0.0,0.0,0.0,0.0,0.0,0.0,0.0,0.0,0.0,0.0,0.0,0.0,0.0,0.0,0.0,0.0,0.0,0.0,0.0,0.0,0.0,0.0,0.0,0.0,0.0,0.0,0.0,0.0,0.0,0.0,0.0,0.0,0.0
4.0,0.0,0.0,0.0,1,0,4.0,0,0,0,0,0,0,0,0,0,927,75,21,33,8,1,0,1,0,0,1,282,5,1,63,0,0,11,0,0,0,831,1,0,0,0,0,5.1888115114500275,4.248250777411539,0,0,1,1,0,0,0,1,0.0,3897.0,120.0,0.0,0.0,0.0,0.0,0.0,0.0,0.0,0.0,0.0,0.0,0.0,0.0,0.0,0.0,0.0,0.0,0.0,0.0,0.0,0.0,0.0,0.0,0.0,0.0,0.0,0.0,0.0,0.0,0.0,0.0,0.0,0.0,0.0,0.0,0.0,0.0,0.0,0.0,0.0,0.0,0.0,0.0,0.0
0.0,0.0,0.0,0.0,1,0,2.0,0,0,0,0,0,0,0,0,0,493,63,15,22,0,1,0,1,0,0,1,79,5,1,51,0,0,11,0,0,0,411,1,0,0,0,0,5.249539483141398,4.103389249717197,0,0,1,1,0,0,0,1,0.0,7550.0,119.0,0.0,0.0,0.0,0.0,0.0,0.0,0.0,0.0,0.0,0.0,0.0,0.0,0.0,0.0,0.0,0.0,0.0,0.0,0.0,0.0,0.0,0.0,0.0,0.0,0.0,0.0,0.0,0.0,0.0,0.0,0.0,0.0,0.0,0.0,0.0,0.0,0.0,0.0,0.0,0.0,0.0,0.0,0.0
4.0,1.0,0.0,0.0,1,1,4.0,0,0,0,0,0,0,0,0,0,568,75,21,28,8,1,0,1,0,0,1,92,3,1,63,0,0,11,0,0,0,474,1,0,0,0,0,5.24519782416111,4.080653386082922,0,0,1,0,0,0,0,1,0.0,7810.0,224.0,0.0,0.0,0.0,0.0,0.0,0.0,0.0,0.0,0.0,0.0,0.0,0.0,0.0,0.0,0.0,0.0,0.0,0.0,0.0,0.0,0.0,0.0,0.0,0.0,0.0,0.0,0.0,0.0,0.0,0.0,0.0,0.0,0.0,0.0,0.0,0.0,0.0,0.0,0.0,0.0,0.0,0.0,0.0
4.0,3.0,4.0,1.0,1,0,1.0,0,0,0,0,0,0,0,0,0,136,55,11,3,0,1,0,1,0,0,0,13,1,1,16,0,0,7,0,0,0,76,1,0,0,0,0,5.121070405106174,4.221533350946098,0,0,0,0,0,0,0,1,0.0,3402.0,249.0,0.0,0.0,0.0,0.0,0.0,0.0,0.0,0.0,0.0,0.0,0.0,0.0,0.0,0.0,0.0,0.0,0.0,0.0,0.0,0.0,0.0,0.0,0.0,0.0,0.0,0.0,0.0,0.0,0.0,0.0,0.0,0.0,0.0,0.0,0.0,0.0,0.0,0.0,0.0,0.0,0.0,0.0,0.0
0.0,0.0,0.0,0.0,1,1,1.0,0,0,0,0,0,0,0,0,0,422,65,16,10,3,1,0,1,0,0,1,42,3,1,47,0,1,7,0,0,0,339,1,0,0,0,0,5.200437064476737,4.080523051725504,0,0,0,1,0,0,0,1,0.0,2760.0,1257.0,0.0,0.0,0.0,0.0,0.0,0.0,0.0,0.0,0.0,0.0,0.0,0.0,0.0,0.0,0.0,0.0,0.0,0.0,0.0,0.0,0.0,0.0,0.0,0.0,0.0,0.0,0.0,0.0,0.0,0.0,0.0,0.0,0.0,0.0,0.0,0.0,0.0,0.0,0.0,0.0,0.0,0.0,0.0
7.0,3.0,0.0,0.0,1,0,3.0,0,0,0,0,0,0,0,0,0,726,63,15,45,11,1,0,1,0,0,1,89,3,1,52,0,1,10,0,0,0,643,1,0,0,0,0,5.31076802142081,4.097193066771749,0,0,0,0,0,0,0,1,0.0,2788.0,133.0,0.0,0.0,0.0,0.0,0.0,0.0,0.0,0.0,0.0,0.0,0.0,0.0,0.0,0.0,0.0,0.0,0.0,0.0,0.0,0.0,0.0,0.0,0.0,0.0,0.0,0.0,0.0,0.0,0.0,0.0,0.0,0.0,0.0,0.0,0.0,0.0,0.0,0.0,0.0,0.0,0.0,0.0,0.0
2.0,3.0,0.0,0.0,1,0,1.0,0,0,0,0,0,0,0,0,0,498,57,12,17,3,1,0,1,0,0,1,46,1,1,17,0,1,7,0,0,0,421,1,0,0,0,0,5.217538860110839,3.980874444820211,0,0,0,0,0,0,0,1,0.0,2756.0,530.0,0.0,0.0,0.0,0.0,0.0,0.0,0.0,0.0,0.0,0.0,0.0,0.0,0.0,0.0,0.0,0.0,0.0,0.0,0.0,0.0,0.0,0.0,0.0,0.0,0.0,0.0,0.0,0.0,0.0,0.0,0.0,0.0,0.0,0.0,0.0,0.0,0.0,0.0,0.0,0.0,0.0,0.0,0.0
4.0,3.0,0.0,0.0,1,0,1.0,0,0,0,0,0,0,0,0,0,538,61,14,28,4,1,0,1,0,0,1,60,1,1,19,0,0,7,0,0,0,460,1,0,0,0,0,5.2824341262832375,4.14326910084719,0,0,0,0,0,0,0,1,0.0,0.0,0.0,0.0,0.0,0.0,0.0,0.0,0.0,0.0,0.0,0.0,0.0,0.0,0.0,0.0,0.0,0.0,0.0,0.0,0.0,0.0,0.0,0.0,0.0,0.0,0.0,0.0,0.0,0.0,0.0,0.0,0.0,0.0,0.0,0.0,0.0,0.0,0.0,0.0,0.0,0.0,0.0,0.0,0.0,0.0
1.0,1.0,0.0,0.0,1,0,1.0,0,0,0,0,0,0,0,0,0,460,53,10,14,0,1,0,1,0,0,1,39,3,1,42,0,0,10,0,0,0,387,1,0,0,0,0,5.126041673815422,4.048004182116833,0,0,0,0,0,0,0,1,0.0,8268.0,132.0,0.0,0.0,0.0,0.0,0.0,0.0,0.0,0.0,0.0,0.0,0.0,0.0,0.0,0.0,0.0,0.0,0.0,0.0,0.0,0.0,0.0,0.0,0.0,0.0,0.0,0.0,0.0,0.0,0.0,0.0,0.0,0.0,0.0,0.0,0.0,0.0,0.0,0.0,0.0,0.0,0.0,0.0,0.0
0.0,0.0,0.0,0.0,1,0,1.0,0,0,0,0,0,0,0,0,0,399,57,12,12,0,1,0,3,0,0,1,43,3,1,43,0,0,8,0,0,0,324,3,0,0,0,0,5.280251649547209,4.266500320916594,0,0,1,1,0,0,0,1,0.0,10323.0,267.0,0.0,0.0,0.0,0.0,0.0,0.0,0.0,0.0,0.0,0.0,0.0,0.0,0.0,0.0,0.0,0.0,0.0,0.0,0.0,0.0,0.0,0.0,0.0,0.0,0.0,0.0,0.0,0.0,0.0,0.0,0.0,0.0,0.0,0.0,0.0,0.0,0.0,0.0,0.0,0.0,0.0,0.0,0.0
0.0,0.0,0.0,0.0,1,0,2.0,0,0,0,0,0,0,0,0,0,443,57,12,14,0,1,0,1,0,0,1,83,3,1,43,0,0,9,0,0,0,368,1,0,0,0,0,5.222078291282513,3.940811567989927,0,0,0,1,0,0,0,1,0.0,8577.0,188.0,0.0,0.0,0.0,0.0,0.0,0.0,0.0,0.0,0.0,0.0,0.0,0.0,0.0,0.0,0.0,0.0,0.0,0.0,0.0,0.0,0.0,0.0,0.0,0.0,0.0,0.0,0.0,0.0,0.0,0.0,0.0,0.0,0.0,0.0,0.0,0.0,0.0,0.0,0.0,0.0,0.0,0.0,0.0
2.0,4.0,0.0,0.0,1,0,1.0,0,0,0,0,0,0,0,0,0,498,47,7,19,0,1,0,1,0,0,1,46,1,1,12,0,0,7,0,0,0,431,1,0,0,0,0,5.181936222667506,4.0336538845422325,0,0,0,0,0,0,0,1,0.0,2780.0,1602.0,0.0,0.0,0.0,0.0,0.0,0.0,0.0,0.0,0.0,0.0,0.0,0.0,0.0,0.0,0.0,0.0,0.0,0.0,0.0,0.0,0.0,0.0,0.0,0.0,0.0,0.0,0.0,0.0,0.0,0.0,0.0,0.0,0.0,0.0,0.0,0.0,0.0,0.0,0.0,0.0,0.0,0.0,0.0
4.0,1.0,4.0,1.0,1,0,1.0,0,0,0,0,0,0,0,0,0,133,53,10,6,0,1,0,1,0,0,0,13,3,1,42,0,0,10,0,0,0,75,1,0,0,0,0,5.073859602525884,4.099983191591615,0,0,0,0,0,0,0,1,0.0,1502.0,1054.0,0.0,0.0,0.0,0.0,0.0,0.0,0.0,0.0,0.0,0.0,0.0,0.0,0.0,0.0,0.0,0.0,0.0,0.0,0.0,0.0,0.0,0.0,0.0,0.0,0.0,0.0,0.0,0.0,0.0,0.0,0.0,0.0,0.0,0.0,0.0,0.0,0.0,0.0,0.0,0.0,0.0,0.0,0.0
2.0,1.0,0.0,0.0,1,0,1.0,0,0,0,0,0,0,0,0,0,494,49,8,15,1,1,0,1,0,0,1,44,1,1,12,0,0,8,0,0,0,425,1,0,0,0,0,5.205009427352391,4.076259272987572,0,0,0,0,0,0,0,1,0.0,10666.0,654.0,0.0,0.0,0.0,0.0,0.0,0.0,0.0,0.0,0.0,0.0,0.0,0.0,0.0,0.0,0.0,0.0,0.0,0.0,0.0,0.0,0.0,0.0,0.0,0.0,0.0,0.0,0.0,0.0,0.0,0.0,0.0,0.0,0.0,0.0,0.0,0.0,0.0,0.0,0.0,0.0,0.0,0.0,0.0
6.0,1.0,0.0,0.0,1,1,1.0,0,0,0,0,0,0,0,0,0,665,32,11,25,9,1,0,2,0,0,1,88,0,0,0,0,0,32,0,0,0,610,2,0,0,0,0,5.297256368526472,4.3246987351738495,1,1,0,1,0,0,0,1,0.0,9664.0,1658.0,0.0,0.0,0.0,0.0,0.0,0.0,0.0,0.0,0.0,0.0,0.0,0.0,0.0,0.0,0.0,0.0,0.0,0.0,0.0,0.0,0.0,0.0,0.0,0.0,0.0,0.0,0.0,0.0,0.0,0.0,0.0,0.0,0.0,0.0,0.0,0.0,0.0,0.0,0.0,0.0,0.0,0.0,0.0
6.0,0.0,0.0,0.0,1,1,1.0,0,0,0,0,0,0,0,0,0,568,65,16,19,6,1,0,1,0,0,1,78,1,1,20,0,0,8,0,0,0,483,1,0,0,0,0,5.2235131980450795,4.026881706832847,0,0,1,0,0,0,0,1,0.0,2569.0,352.0,0.0,0.0,0.0,0.0,0.0,0.0,0.0,0.0,0.0,0.0,0.0,0.0,0.0,0.0,0.0,0.0,0.0,0.0,0.0,0.0,0.0,0.0,0.0,0.0,0.0,0.0,0.0,0.0,0.0,0.0,0.0,0.0,0.0,0.0,0.0,0.0,0.0,0.0,0.0,0.0,0.0,0.0,0.0
6.0,0.0,0.0,0.0,1,1,1.0,0,0,0,0,0,0,0,0,0,559,59,13,19,6,1,0,1,0,0,1,78,1,1,17,0,0,8,0,0,0,480,1,0,0,0,0,5.222800955743599,3.935018211724813,0,0,1,0,0,0,0,1,0.0,2000.0,190.0,0.0,0.0,0.0,0.0,0.0,0.0,0.0,0.0,0.0,0.0,0.0,0.0,0.0,0.0,0.0,0.0,0.0,0.0,0.0,0.0,0.0,0.0,0.0,0.0,0.0,0.0,0.0,0.0,0.0,0.0,0.0,0.0,0.0,0.0,0.0,0.0,0.0,0.0,0.0,0.0,0.0,0.0,0.0
6.0,0.0,0.0,0.0,1,0,1.0,0,0,0,0,0,0,0,0,0,559,55,11,19,6,1,0,1,0,0,1,83,1,1,15,0,0,8,0,0,0,484,1,0,0,0,0,5.245365238286882,4.110626706035009,0,0,1,0,0,0,0,1,0.0,1997.0,193.0,0.0,0.0,0.0,0.0,0.0,0.0,0.0,0.0,0.0,0.0,0.0,0.0,0.0,0.0,0.0,0.0,0.0,0.0,0.0,0.0,0.0,0.0,0.0,0.0,0.0,0.0,0.0,0.0,0.0,0.0,0.0,0.0,0.0,0.0,0.0,0.0,0.0,0.0,0.0,0.0,0.0,0.0,0.0
2.0,3.0,4.0,1.0,1,0,2.0,0,0,0,0,0,0,0,0,0,142,59,13,6,0,1,0,1,0,0,0,13,3,1,48,0,0,10,0,0,0,78,1,0,0,0,0,5.056996699259331,4.134193634174188,0,0,1,0,0,0,0,1,0.0,8176.0,1685.0,0.0,0.0,0.0,0.0,0.0,0.0,0.0,0.0,0.0,0.0,0.0,0.0,0.0,0.0,0.0,0.0,0.0,0.0,0.0,0.0,0.0,0.0,0.0,0.0,0.0,0.0,0.0,0.0,0.0,0.0,0.0,0.0,0.0,0.0,0.0,0.0,0.0,0.0,0.0,0.0,0.0,0.0,0.0
4.0,0.0,4.0,1.0,1,0,0.0,0,0,0,0,0,0,0,0,0,151,65,16,3,0,1,0,1,0,0,0,13,1,1,20,0,0,8,0,0,0,81,1,0,0,0,0,4.866800285091399,3.9404706971445775,0,0,1,0,0,0,0,1,0.0,9314.0,181.0,0.0,0.0,0.0,0.0,0.0,0.0,0.0,0.0,0.0,0.0,0.0,0.0,0.0,0.0,0.0,0.0,0.0,0.0,0.0,0.0,0.0,0.0,0.0,0.0,0.0,0.0,0.0,0.0,0.0,0.0,0.0,0.0,0.0,0.0,0.0,0.0,0.0,0.0,0.0,0.0,0.0,0.0,0.0
6.0,1.0,0.0,0.0,1,1,1.0,0,0,0,0,0,0,0,0,0,600,57,12,25,1,1,0,3,0,0,1,53,1,1,16,0,0,8,0,0,0,523,3,0,0,0,0,5.238197350703606,4.266500320916594,0,0,1,0,0,0,0,1,0.0,6659.0,1741.0,0.0,0.0,0.0,0.0,0.0,0.0,0.0,0.0,0.0,0.0,0.0,0.0,0.0,0.0,0.0,0.0,0.0,0.0,0.0,0.0,0.0,0.0,0.0,0.0,0.0,0.0,0.0,0.0,0.0,0.0,0.0,0.0,0.0,0.0,0.0,0.0,0.0,0.0,0.0,0.0,0.0,0.0,0.0
10.0,1.0,0.0,0.0,1,1,2.0,0,0,0,0,0,0,0,0,0,716,65,16,34,7,1,0,1,0,0,1,86,1,1,20,0,0,8,0,0,0,630,1,0,0,0,0,5.211820708861149,4.017093004703749,0,0,1,0,0,0,0,1,0.0,8866.0,995.0,0.0,0.0,0.0,0.0,0.0,0.0,0.0,0.0,0.0,0.0,0.0,0.0,0.0,0.0,0.0,0.0,0.0,0.0,0.0,0.0,0.0,0.0,0.0,0.0,0.0,0.0,0.0,0.0,0.0,0.0,0.0,0.0,0.0,0.0,0.0,0.0,0.0,0.0,0.0,0.0,0.0,0.0,0.0
4.0,1.0,0.0,0.0,1,0,1.0,0,0,0,0,0,0,0,0,0,510,53,10,18,0,1,0,3,0,0,1,47,1,1,14,0,0,8,0,0,0,437,3,0,0,0,0,5.185311475344871,4.1680896156375935,0,0,1,0,0,0,0,1,0.0,8827.0,2129.0,0.0,0.0,0.0,0.0,0.0,0.0,0.0,0.0,0.0,0.0,0.0,0.0,0.0,0.0,0.0,0.0,0.0,0.0,0.0,0.0,0.0,0.0,0.0,0.0,0.0,0.0,0.0,0.0,0.0,0.0,0.0,0.0,0.0,0.0,0.0,0.0,0.0,0.0,0.0,0.0,0.0,0.0,0.0
9.0,1.0,0.0,0.0,1,1,1.0,0,0,0,0,0,0,0,0,0,621,59,13,29,7,1,0,1,0,0,1,65,1,1,17,0,0,8,0,0,0,542,1,0,0,0,0,5.173401371594861,4.040807617151697,0,0,1,0,0,0,0,1,0.0,10686.0,269.0,0.0,0.0,0.0,0.0,0.0,0.0,0.0,0.0,0.0,0.0,0.0,0.0,0.0,0.0,0.0,0.0,0.0,0.0,0.0,0.0,0.0,0.0,0.0,0.0,0.0,0.0,0.0,0.0,0.0,0.0,0.0,0.0,0.0,0.0,0.0,0.0,0.0,0.0,0.0,0.0,0.0,0.0,0.0
8.0,1.0,0.0,0.0,1,1,2.0,0,0,0,0,0,0,0,0,0,628,63,15,30,6,1,0,1,0,0,1,70,1,1,19,0,0,8,0,0,0,545,1,0,0,0,0,5.181171096120363,3.9602434502671513,0,0,1,0,0,0,0,1,0.0,9506.0,355.0,0.0,0.0,0.0,0.0,0.0,0.0,0.0,0.0,0.0,0.0,0.0,0.0,0.0,0.0,0.0,0.0,0.0,0.0,0.0,0.0,0.0,0.0,0.0,0.0,0.0,0.0,0.0,0.0,0.0,0.0,0.0,0.0,0.0,0.0,0.0,0.0,0.0,0.0,0.0,0.0,0.0,0.0,0.0
3.0,4.0,0.0,0.0,1,1,2.0,0,0,0,0,0,0,0,0,0,638,65,16,26,4,1,0,3,0,0,1,57,1,1,20,0,0,8,0,0,0,553,3,0,0,0,0,5.199820082731228,4.178857269708029,0,0,1,0,0,0,0,1,0.0,9233.0,262.0,0.0,0.0,0.0,0.0,0.0,0.0,0.0,0.0,0.0,0.0,0.0,0.0,0.0,0.0,0.0,0.0,0.0,0.0,0.0,0.0,0.0,0.0,0.0,0.0,0.0,0.0,0.0,0.0,0.0,0.0,0.0,0.0,0.0,0.0,0.0,0.0,0.0,0.0,0.0,0.0,0.0,0.0,0.0
4.0,0.0,0.0,0.0,1,0,1.0,0,0,0,0,0,0,0,0,0,468,55,11,15,0,1,0,1,0,0,1,43,1,1,16,0,0,7,0,0,0,394,1,0,0,0,0,5.137918882980081,3.91166721285595,0,0,1,0,0,0,0,1,0.0,7549.0,1946.0,0.0,0.0,0.0,0.0,0.0,0.0,0.0,0.0,0.0,0.0,0.0,0.0,0.0,0.0,0.0,0.0,0.0,0.0,0.0,0.0,0.0,0.0,0.0,0.0,0.0,0.0,0.0,0.0,0.0,0.0,0.0,0.0,0.0,0.0,0.0,0.0,0.0,0.0,0.0,0.0,0.0,0.0,0.0
4.0,3.0,0.0,0.0,1,1,1.0,0,0,0,0,0,0,0,0,0,519,53,10,24,0,1,0,1,0,0,1,46,3,1,41,0,0,11,0,0,0,446,1,0,0,0,0,5.159940591586106,4.089944154315399,0,0,1,0,0,0,0,1,0.0,296.0,433.0,0.0,0.0,0.0,0.0,0.0,0.0,0.0,0.0,0.0,0.0,0.0,0.0,0.0,0.0,0.0,0.0,0.0,0.0,0.0,0.0,0.0,0.0,0.0,0.0,0.0,0.0,0.0,0.0,0.0,0.0,0.0,0.0,0.0,0.0,0.0,0.0,0.0,0.0,0.0,0.0,0.0,0.0,0.0
2.0,1.0,0.0,0.0,1,1,2.0,0,0,0,0,0,0,0,0,0,561,49,8,22,1,1,0,3,0,0,1,80,1,1,12,0,0,8,0,0,0,492,3,0,0,0,0,5.319456565401128,4.2877802521018635,0,0,1,0,0,0,0,1,0.0,9869.0,356.0,0.0,0.0,0.0,0.0,0.0,0.0,0.0,0.0,0.0,0.0,0.0,0.0,0.0,0.0,0.0,0.0,0.0,0.0,0.0,0.0,0.0,0.0,0.0,0.0,0.0,0.0,0.0,0.0,0.0,0.0,0.0,0.0,0.0,0.0,0.0,0.0,0.0,0.0,0.0,0.0,0.0,0.0,0.0
2.0,1.0,0.0,0.0,1,1,2.0,0,0,0,0,0,0,0,0,0,570,57,12,22,1,1,0,3,0,0,1,74,1,1,16,0,0,8,0,0,0,493,3,0,0,0,0,5.336578124867847,4.321680093332851,0,0,1,0,0,0,0,1,0.0,10418.0,539.0,0.0,0.0,0.0,0.0,0.0,0.0,0.0,0.0,0.0,0.0,0.0,0.0,0.0,0.0,0.0,0.0,0.0,0.0,0.0,0.0,0.0,0.0,0.0,0.0,0.0,0.0,0.0,0.0,0.0,0.0,0.0,0.0,0.0,0.0,0.0,0.0,0.0,0.0,0.0,0.0,0.0,0.0,0.0
2.0,0.0,0.0,0.0,1,1,1.0,0,0,0,0,0,0,0,0,0,528,32,15,12,2,1,0,2,0,0,1,57,0,0,0,0,0,32,0,0,0,475,2,0,0,0,1,5.246496139604835,4.3246987351738495,1,1,0,1,0,1,0,1,0.0,9151.0,1805.0,0.0,0.0,0.0,0.0,0.0,0.0,0.0,0.0,0.0,0.0,0.0,0.0,0.0,0.0,0.0,0.0,0.0,0.0,0.0,0.0,0.0,0.0,0.0,0.0,0.0,0.0,0.0,0.0,0.0,0.0,0.0,0.0,0.0,0.0,0.0,0.0,0.0,0.0,0.0,0.0,0.0,0.0,0.0
0.0,0.0,0.0,0.0,1,0,1.0,0,0,0,0,0,0,0,0,0,438,75,21,13,2,1,0,1,0,0,1,42,3,1,57,0,0,7,0,0,0,344,1,0,0,0,1,5.23034566897032,4.244685357822884,0,0,1,0,0,1,0,1,0.0,579.0,150.0,0.0,0.0,0.0,0.0,0.0,0.0,0.0,0.0,0.0,0.0,0.0,0.0,0.0,0.0,0.0,0.0,0.0,0.0,0.0,0.0,0.0,0.0,0.0,0.0,0.0,0.0,0.0,0.0,0.0,0.0,0.0,0.0,0.0,0.0,0.0,0.0,0.0,0.0,0.0,0.0,0.0,0.0,0.0
0.0,0.0,0.0,0.0,1,1,1.0,0,0,0,0,0,0,0,0,0,484,32,18,14,2,1,0,2,0,0,1,54,0,0,0,0,0,32,0,0,0,432,2,0,0,0,0,5.29966872324325,4.3246987351738495,1,1,0,1,0,0,0,1,0.0,6606.0,333.0,0.0,0.0,0.0,0.0,0.0,0.0,0.0,0.0,0.0,0.0,0.0,0.0,0.0,0.0,0.0,0.0,0.0,0.0,0.0,0.0,0.0,0.0,0.0,0.0,0.0,0.0,0.0,0.0,0.0,0.0,0.0,0.0,0.0,0.0,0.0,0.0,0.0,0.0,0.0,0.0,0.0,0.0,0.0
6.0,3.0,0.0,0.0,1,1,1.0,0,0,0,0,0,0,0,0,0,555,55,11,32,6,1,0,1,0,0,1,64,3,1,44,0,0,10,0,0,0,480,1,0,0,0,0,5.156236089348064,4.030801987388406,0,0,0,0,0,0,0,1,0.0,8536.0,594.0,0.0,0.0,0.0,0.0,0.0,0.0,0.0,0.0,0.0,0.0,0.0,0.0,0.0,0.0,0.0,0.0,0.0,0.0,0.0,0.0,0.0,0.0,0.0,0.0,0.0,0.0,0.0,0.0,0.0,0.0,0.0,0.0,0.0,0.0,0.0,0.0,0.0,0.0,0.0,0.0,0.0,0.0,0.0
0.0,0.0,0.0,0.0,1,1,0.0,0,0,0,263,0,0,0,0,0,437,28,9,9,0,1,0,5,0,0,1,16,1,1,11,0,0,16,0,0,0,391,4,0,0,0,1,4.840765014674411,4.039148671903071,0,0,1,0,0,1,0,1,0.0,0.0,0.0,0.0,0.0,0.0,0.0,0.0,0.0,0.0,4102.0,0.0,1.0,0.0,0.0,0.0,0.0,0.0,0.0,0.0,0.0,0.0,0.0,0.0,0.0,1.0,0.0,0.0,4.0,0.0,0.0,1.585,0.0,0.0,0.0,0.0,0.0,2.0,0.0,0.0,3.0,1.0,0.0,1.0,0.0,1.0
0.0,0.0,0.0,0.0,1,0,1.0,0,0,0,0,0,0,0,0,0,401,67,17,13,0,1,0,1,0,0,1,42,5,1,55,0,0,11,0,0,0,316,1,0,0,0,0,5.1307836396760385,4.130794370715264,0,0,1,0,0,0,0,1,0.0,4257.0,125.0,0.0,0.0,0.0,0.0,0.0,0.0,0.0,0.0,0.0,0.0,0.0,0.0,0.0,0.0,0.0,0.0,0.0,0.0,0.0,0.0,0.0,0.0,0.0,0.0,0.0,0.0,0.0,0.0,0.0,0.0,0.0,0.0,0.0,0.0,0.0,0.0,0.0,0.0,0.0,0.0,0.0,0.0,0.0
2.0,0.0,0.0,0.0,1,1,1.0,0,0,0,0,0,0,0,0,0,453,63,15,11,0,1,0,1,0,0,1,43,1,1,20,0,0,7,0,0,0,371,1,0,0,0,0,5.15191296271122,4.02315934634429,0,0,1,0,0,0,0,1,0.0,7547.0,1948.0,0.0,0.0,0.0,0.0,0.0,0.0,0.0,0.0,0.0,0.0,0.0,0.0,0.0,0.0,0.0,0.0,0.0,0.0,0.0,0.0,0.0,0.0,0.0,0.0,0.0,0.0,0.0,0.0,0.0,0.0,0.0,0.0,0.0,0.0,0.0,0.0,0.0,0.0,0.0,0.0,0.0,0.0,0.0
2.0,15.0,0.0,0.0,1,1,1.0,0,0,0,0,0,0,0,0,0,823,51,9,43,15,1,0,1,0,0,1,74,1,1,14,0,0,7,0,0,0,751,1,0,0,0,0,5.061126816261988,3.96584568629194,0,0,1,0,0,0,0,1,0.0,7590.0,3001.0,0.0,0.0,0.0,0.0,0.0,0.0,0.0,0.0,0.0,0.0,0.0,0.0,0.0,0.0,0.0,0.0,0.0,0.0,0.0,0.0,0.0,0.0,0.0,0.0,0.0,0.0,0.0,0.0,0.0,0.0,0.0,0.0,0.0,0.0,0.0,0.0,0.0,0.0,0.0,0.0,0.0,0.0,0.0
2.0,1.0,0.0,0.0,1,0,1.0,0,0,0,0,0,0,0,0,0,470,51,9,17,0,1,0,3,0,0,1,44,1,1,13,0,0,8,0,0,0,399,3,0,0,0,0,5.190267851255589,4.076659106966513,0,0,0,0,0,0,0,1,0.0,8545.0,585.0,0.0,0.0,0.0,0.0,0.0,0.0,0.0,0.0,0.0,0.0,0.0,0.0,0.0,0.0,0.0,0.0,0.0,0.0,0.0,0.0,0.0,0.0,0.0,0.0,0.0,0.0,0.0,0.0,0.0,0.0,0.0,0.0,0.0,0.0,0.0,0.0,0.0,0.0,0.0,0.0,0.0,0.0,0.0
6.0,2.0,0.0,0.0,1,0,2.0,0,0,0,0,0,0,0,0,0,548,57,12,26,6,1,0,1,0,0,1,95,1,1,16,0,0,8,0,0,0,473,1,0,0,0,1,5.29722394456355,4.2779919355140255,0,0,1,0,0,1,0,1,0.0,0.0,0.0,0.0,0.0,0.0,0.0,0.0,0.0,0.0,0.0,0.0,0.0,0.0,0.0,0.0,0.0,0.0,0.0,0.0,0.0,0.0,0.0,0.0,0.0,0.0,0.0,0.0,0.0,0.0,0.0,0.0,0.0,0.0,0.0,0.0,0.0,0.0,0.0,0.0,0.0,0.0,0.0,0.0,0.0,0.0
4.0,13.0,0.0,0.0,1,2,1.0,0,0,0,0,0,0,0,0,0,931,32,10,46,15,1,0,4,0,0,1,87,0,0,0,0,0,32,0,0,0,876,4,0,0,0,0,5.160863466015988,4.3246987351738495,1,1,0,1,0,0,0,1,0.0,5725.0,118.0,0.0,0.0,0.0,0.0,0.0,0.0,0.0,0.0,0.0,0.0,0.0,0.0,0.0,0.0,0.0,0.0,0.0,0.0,0.0,0.0,0.0,0.0,0.0,0.0,0.0,0.0,0.0,0.0,0.0,0.0,0.0,0.0,0.0,0.0,0.0,0.0,0.0,0.0,0.0,0.0,0.0,0.0,0.0
0.0,0.0,0.0,0.0,1,265,0.0,0,0,0,27129,2,1,1,1,1,909,32,17,13,2,1,0,6,0,0,1,58,0,0,0,0,0,32,0,0,0,842,5,0,0,0,1,5.068139967921719,4.3246987351738495,1,1,0,1,0,1,0,1,0.0,0.0,0.0,0.0,2.0,1.0,1.0,0.0,0.0,7.0,1107033.0,0.0,1.0,0.0,0.0,0.0,0.0,55.0,0.0,0.0,39.0,2.0,0.0,0.0,1.0,1.0,0.0,0.0,3.0,0.0,0.0,2.914,16.0,0.0,0.0,0.0,0.0,2.0,1.0,0.0,11.0,135.0,0.0,298.0,1154.0,4.0
0.0,0.0,0.0,0.0,1,13,0.0,0,0,0,680,1,0,0,0,0,1569,33,10,18,15,2,1,8,1,16,16,339,0,0,0,0,0,33,0,0,0,149,2,1,1355,13,0,5.731191423672543,4.389556529224006,1,1,0,1,0,1,0,1,0.0,0.0,0.0,0.0,1.0,0.0,0.0,0.0,13.0,2.0,17901.0,0.0,1.0,0.0,0.0,0.0,0.0,0.0,0.0,0.0,2.0,2.0,1.0,0.0,0.0,1.0,0.0,1.0,6.0,1.0,0.0,2.75,1.0,0.0,0.0,0.0,0.0,7.0,1.0,0.0,8.0,0.0,0.0,1.0,341.0,0.0
0.0,0.0,0.0,0.0,1,51,0.0,0,0,0,4501,1,0,0,0,0,729,32,12,15,2,1,0,8,0,0,1,55,0,0,0,0,0,32,0,0,0,668,7,0,0,0,1,5.065979414550235,4.3246987351738495,1,1,0,1,0,1,0,1,0.0,0.0,0.0,0.0,1.0,0.0,0.0,0.0,0.0,0.0,121893.0,0.0,2.0,0.0,0.0,0.0,0.0,10.0,0.0,0.0,11.0,0.0,0.0,0.0,1.0,1.0,0.0,0.0,5.0,0.0,0.0,2.4056,8.0,0.0,0.0,0.0,0.0,4.0,0.0,0.0,4.0,39.0,0.0,35.0,249899.0,0.0
0.0,0.0,0.0,0.0,1,23,0.0,0,0,0,283,0,0,0,0,0,560,32,17,7,2,1,0,5,0,0,1,46,0,0,0,0,0,32,0,0,0,506,4,0,0,0,0,5.109608457127495,4.3246987351738495,1,1,0,1,0,0,0,1,0.0,0.0,0.0,0.0,0.0,0.0,0.0,0.0,0.0,0.0,13333.0,0.0,0.0,0.0,0.0,0.0,0.0,0.0,0.0,0.0,4.0,2.0,0.0,0.0,0.0,1.0,0.0,0.0,3.0,0.0,0.0,0.0,1.0,0.0,0.0,0.0,0.0,1.0,0.0,0.0,0.0,0.0,0.0,0.0,0.0,0.0
0.0,0.0,0.0,0.0,1,85,0.0,0,0,0,9716,0,0,1,1,1,609,32,11,11,2,1,0,5,0,0,1,48,0,0,0,0,0,32,0,0,0,553,4,0,0,0,1,5.182888118774571,4.3246987351738495,1,1,0,1,0,1,0,1,0.0,0.0,0.0,0.0,0.0,0.0,1.0,0.0,0.0,0.0,174526.0,0.0,2.0,0.0,0.0,0.0,0.0,0.0,0.0,0.0,9.0,0.0,0.0,0.0,0.0,1.0,0.0,0.0,3.0,0.0,0.0,1.8424,5.0,0.0,0.0,0.0,0.0,3.0,0.0,0.0,3.5,367.0,0.0,80.0,1150.0,3.0
0.0,0.0,0.0,0.0,1,142,0.0,0,0,0,30727,0,1,1,1,1,749,32,15,10,2,1,0,6,0,0,1,55,0,0,0,0,0,32,0,0,0,689,5,0,0,0,1,5.182486418491064,4.3246987351738495,1,1,0,1,0,1,0,1,0.0,0.0,0.0,0.0,0.0,1.0,1.0,0.0,0.0,1.0,1167224.0,0.0,1.0,0.0,0.0,0.0,0.0,25.0,0.0,0.0,19.0,4.0,0.0,0.0,0.0,1.0,0.0,0.0,3.0,0.0,0.0,2.8554,1.0,0.0,0.0,0.0,0.0,2.0,1.0,0.0,12.0,186.0,0.0,108.0,932.0,4.0
0.0,0.0,0.0,0.0,1,210,0.0,0,0,0,18761,0,1,1,1,1,621,32,9,11,2,1,0,6,0,0,1,49,0,0,0,0,0,32,0,0,0,564,5,0,0,0,1,5.183790101043888,4.3246987351738495,1,1,0,1,0,1,0,1,0.0,0.0,0.0,0.0,0.0,0.0,1.0,0.0,0.0,0.0,845243.0,0.0,1.0,0.0,0.0,0.0,0.0,0.0,0.0,0.0,21.0,1.0,0.0,0.0,0.0,1.0,0.0,0.0,4.0,0.0,0.0,0.0,15.0,0.0,0.0,0.0,0.0,3.0,0.0,0.0,3.0,117.0,0.0,274.0,894.0,2.0
0.0,0.0,0.0,0.0,1,77,0.0,0,0,0,3036,0,0,1,0,0,599,32,10,13,2,1,0,5,0,0,1,47,0,0,0,0,0,32,0,0,0,542,4,0,0,0,1,5.128656447943271,4.3246987351738495,1,1,0,1,0,1,0,1,0.0,0.0,0.0,0.0,0.0,0.0,0.0,0.0,0.0,0.0,50722.0,0.0,1.0,0.0,0.0,0.0,0.0,0.0,0.0,0.0,4.0,1.0,0.0,0.0,0.0,1.0,0.0,0.0,3.0,0.0,0.0,2.0,3.0,0.0,0.0,0.0,0.0,2.0,0.0,0.0,4.0,28.0,0.0,35.0,684001.0,1.0
0.0,0.0,0.0,0.0,1,165,0.0,0,0,0,32063,1,1,1,1,1,723,32,12,11,2,1,0,5,0,0,1,52,0,0,0,0,0,32,0,0,0,661,4,0,0,0,1,5.067243011754606,4.3246987351738495,1,1,0,1,0,1,0,1,0.0,0.0,0.0,0.0,1.0,0.0,0.0,0.0,0.0,0.0,800025.0,0.0,2.0,0.0,0.0,0.0,0.0,0.0,0.0,0.0,39.0,5.0,0.0,0.0,0.0,1.0,0.0,0.0,3.0,0.0,0.0,2.4817,18.0,0.0,0.0,0.0,0.0,3.0,0.0,0.0,5.5,320.0,0.0,152.0,1150.0,3.0
0.0,0.0,0.0,0.0,1,88,0.0,0,0,0,8664,0,1,1,0,1,663,32,13,11,2,1,0,5,0,0,1,46,0,0,0,0,0,32,0,0,0,605,4,0,0,0,1,5.171256974452467,4.3246987351738495,1,1,0,1,0,1,0,1,0.0,0.0,0.0,0.0,0.0,0.0,0.0,0.0,0.0,2.0,84124.0,0.0,2.0,0.0,0.0,0.0,0.0,0.0,0.0,0.0,28.0,1.0,0.0,0.0,0.0,1.0,0.0,0.0,3.0,0.0,0.0,2.4056,2.0,0.0,0.0,0.0,0.0,3.0,1.0,0.0,4.0,6.0,0.0,43.0,102540.0,3.0
0.0,0.0,0.0,0.0,1,65,0.0,0,0,0,8892,0,0,0,0,0,563,32,16,10,2,1,0,6,0,0,1,46,0,0,0,0,0,32,0,0,0,509,5,0,0,0,0,5.182871182135541,4.3246987351738495,1,1,0,1,0,0,0,1,0.0,0.0,0.0,0.0,0.0,0.0,0.0,0.0,0.0,0.0,69749.0,0.0,1.0,0.0,0.0,0.0,0.0,0.0,0.0,0.0,10.0,0.0,0.0,0.0,0.0,1.0,0.0,0.0,4.0,0.0,0.0,0.0,8.0,0.0,0.0,0.0,0.0,2.0,0.0,0.0,3.0,45.0,0.0,31.0,1150.0,0.0
0.0,0.0,0.0,0.0,1,1,0.0,0,0,0,12,0,0,0,0,0,589,32,16,14,2,1,0,6,0,0,1,43,0,0,0,0,0,32,0,0,0,535,5,0,0,0,0,5.099111120352059,4.3246987351738495,1,1,0,1,0,0,0,1,0.0,0.0,0.0,0.0,0.0,0.0,0.0,0.0,0.0,0.0,558.0,0.0,2.0,0.0,0.0,0.0,0.0,0.0,0.0,0.0,0.0,0.0,0.0,0.0,0.0,1.0,0.0,0.0,4.0,0.0,0.0,2.8994,0.0,0.0,0.0,0.0,0.0,3.0,0.0,0.0,8.0,0.0,0.0,0.0,38832.0,0.0
0.0,0.0,0.0,0.0,1,0,0.0,0,0,0,206,0,0,0,0,0,479,32,10,12,2,1,0,5,0,0,1,43,0,0,0,0,0,32,0,0,0,428,4,0,0,0,0,5.163409037340025,4.3246987351738495,1,1,0,1,0,0,0,1,0.0,0.0,0.0,0.0,0.0,0.0,0.0,0.0,0.0,0.0,290.0,0.0,2.0,0.0,0.0,0.0,0.0,0.0,0.0,0.0,0.0,0.0,0.0,0.0,0.0,1.0,0.0,0.0,3.0,0.0,0.0,1.7925,0.0,0.0,0.0,0.0,0.0,3.0,0.0,0.0,3.0,0.0,0.0,0.0,0.0,0.0
0.0,0.0,0.0,0.0,1,0,0.0,0,0,0,241,0,0,0,0,0,507,32,7,11,2,1,0,5,0,0,1,45,0,0,0,0,0,32,0,0,0,455,4,0,0,0,0,5.160429001399522,4.3246987351738495,1,1,0,1,0,0,0,1,0.0,0.0,0.0,0.0,0.0,0.0,0.0,0.0,0.0,0.0,39106.0,0.0,2.0,0.0,0.0,0.0,0.0,0.0,0.0,0.0,0.0,0.0,0.0,0.0,0.0,1.0,0.0,0.0,3.0,0.0,0.0,2.9477,0.0,0.0,0.0,0.0,0.0,3.0,0.0,0.0,4.5,0.0,0.0,0.0,99678.0,0.0
